source_url,access_datetime,content,words,unique_words,word_frequency
https://kun.uz/news/2022/12/02/tramp-maxfiy-hujjatlarni-saqlaganiga-oid-ish-boyicha-sudda-yutqazdi,2022-12-02 11:11:35.132061,"АҚШ собиқ президенти Доналд Трамп жорий йилнинг август ойида Мар-а-Лагодаги қароргоҳида расмий ҳужжатлар олиб қўйилгани бўйича федерал апелляция судида ютқазди. 1 декабрь, пайшанба куни Жоржия штатининг Атланта шаҳри суди Трамп адвокатларининг юқоридаги ҳужжатларни текширишга йўл қўймаслик ҳақидаги илтимосини рад этди. Бундан ташқари, суд қарорига кўра, унинг қароргоҳида ўтказилган тинтув собиқ давлат раҳбари ҳуқуқларини бузмаган. ","['АҚШ', 'собиқ', 'президенти', 'Доналд', 'Трамп', 'жорий', 'йилнинг', 'август', 'ойида', 'Мар-а-Лагодаги', 'қароргоҳида', 'расмий', 'ҳужжатлар', 'олиб', 'қўйилгани', 'бўйича', 'федерал', 'апелляция', 'судида', 'ютқазди', '1', 'декабрь', 'пайшанба', 'куни', 'Жоржия', 'штатининг', 'Атланта', 'шаҳри', 'суди', 'Трамп', 'адвокатларининг', 'юқоридаги', 'ҳужжатларни', 'текширишга', 'йўл', 'қўймаслик', 'ҳақидаги', 'илтимосини', 'рад', 'этди', 'Бундан', 'ташқари', 'суд', 'қарорига', 'кўра', 'унинг', 'қароргоҳида', 'ўтказилган', 'тинтув', 'собиқ', 'давлат', 'раҳбари', 'ҳуқуқларини', 'бузмаган']","['1', 'Атланта', 'АҚШ', 'Бундан', 'Доналд', 'Жоржия', 'Мар-а-Лагодаги', 'Трамп', 'август', 'адвокатларининг', 'апелляция', 'бузмаган', 'бўйича', 'давлат', 'декабрь', 'жорий', 'илтимосини', 'йилнинг', 'йўл', 'куни', 'кўра', 'ойида', 'олиб', 'пайшанба', 'президенти', 'рад', 'расмий', 'раҳбари', 'собиқ', 'суд', 'суди', 'судида', 'ташқари', 'текширишга', 'тинтув', 'унинг', 'федерал', 'шаҳри', 'штатининг', 'этди', 'ютқазди', 'юқоридаги', 'ўтказилган', 'қароргоҳида', 'қарорига', 'қўйилгани', 'қўймаслик', 'ҳақидаги', 'ҳужжатлар', 'ҳужжатларни', 'ҳуқуқларини']","{'АҚШ': 1, 'собиқ': 2, 'президенти': 1, 'Доналд': 1, 'Трамп': 2, 'жорий': 1, 'йилнинг': 1, 'август': 1, 'ойида': 1, 'Мар-а-Лагодаги': 1, 'қароргоҳида': 2, 'расмий': 1, 'ҳужжатлар': 1, 'олиб': 1, 'қўйилгани': 1, 'бўйича': 1, 'федерал': 1, 'апелляция': 1, 'судида': 1, 'ютқазди': 1, '1': 1, 'декабрь': 1, 'пайшанба': 1, 'куни': 1, 'Жоржия': 1, 'штатининг': 1, 'Атланта': 1, 'шаҳри': 1, 'суди': 1, 'адвокатларининг': 1, 'юқоридаги': 1, 'ҳужжатларни': 1, 'текширишга': 1, 'йўл': 1, 'қўймаслик': 1, 'ҳақидаги': 1, 'илтимосини': 1, 'рад': 1, 'этди': 1, 'Бундан': 1, 'ташқари': 1, 'суд': 1, 'қарорига': 1, 'кўра': 1, 'унинг': 1, 'ўтказилган': 1, 'тинтув': 1, 'давлат': 1, 'раҳбари': 1, 'ҳуқуқларини': 1, 'бузмаган': 1}"
https://kun.uz/news/2022/12/02/ukraina-qurolli-kuchlari-tarkibida-rossiya-bolinmalari-borligi-malum-boldi,2022-12-02 11:11:35.244072,"Россияга қарши ҳозир нафақат украиналиклар, балки русларнинг ўзлари ҳам Киев томонида курашмоқда. Айни пайтда Украина Қуролли кучлари сафларида фақат Россия Федерацияси фуқароларидан тузилган иккита бўлинма жанг қилаётгани маълум - улар «Россия озодлиги» легиони ва «Россия кўнгиллилар корпуси».","['Россияга', 'қарши', 'ҳозир', 'нафақат', 'украиналиклар', 'балки', 'русларнинг', 'ўзлари', 'ҳам', 'Киев', 'томонида', 'курашмоқда', 'Айни', 'пайтда', 'Украина', 'Қуролли', 'кучлари', 'сафларида', 'фақат', 'Россия', 'Федерацияси', 'фуқароларидан', 'тузилган', 'иккита', 'бўлинма', 'жанг', 'қилаётгани', 'маълум', '-', 'улар', '«Россия', 'озодлиги»', 'легиони', 'ва', '«Россия', 'кўнгиллилар', 'корпуси»']","['-', '«Россия', 'Айни', 'Киев', 'Россия', 'Россияга', 'Украина', 'Федерацияси', 'балки', 'бўлинма', 'ва', 'жанг', 'иккита', 'корпуси»', 'курашмоқда', 'кучлари', 'кўнгиллилар', 'легиони', 'маълум', 'нафақат', 'озодлиги»', 'пайтда', 'русларнинг', 'сафларида', 'томонида', 'тузилган', 'украиналиклар', 'улар', 'фақат', 'фуқароларидан', 'ўзлари', 'Қуролли', 'қарши', 'қилаётгани', 'ҳам', 'ҳозир']","{'Россияга': 1, 'қарши': 1, 'ҳозир': 1, 'нафақат': 1, 'украиналиклар': 1, 'балки': 1, 'русларнинг': 1, 'ўзлари': 1, 'ҳам': 1, 'Киев': 1, 'томонида': 1, 'курашмоқда': 1, 'Айни': 1, 'пайтда': 1, 'Украина': 1, 'Қуролли': 1, 'кучлари': 1, 'сафларида': 1, 'фақат': 1, 'Россия': 1, 'Федерацияси': 1, 'фуқароларидан': 1, 'тузилган': 1, 'иккита': 1, 'бўлинма': 1, 'жанг': 1, 'қилаётгани': 1, 'маълум': 1, '-': 1, 'улар': 1, '«Россия': 2, 'озодлиги»': 1, 'легиони': 1, 'ва': 1, 'кўнгиллилар': 1, 'корпуси»': 1}"
https://kun.uz/news/2022/12/02/aqsh-senatorlari-vagnerchilarni-terrorchilar-deb-tan-olmoqchi,2022-12-02 11:11:35.357070,"АҚШ сенаторлари - республикачи Рожер Уикер ва демократ Бен Кардин Конгрессга Россия ёлланма аскарларини жавобгарликка тортиш тўғрисидаги икки партиявий қонун лойиҳасини тақдим этдилар, унга кўра АҚШ давлат котибидан Вагнер ХҲКни хорижий террорчилик ташкилоти сифатида белгилашни талаб қилиняпти. Бу ҳақда 1 декабрь, пайшанба куни сенатор Рожер Уикер сайтида маълум қилинди.","['АҚШ', 'сенаторлари', '-', 'республикачи', 'Рожер', 'Уикер', 'ва', 'демократ', 'Бен', 'Кардин', 'Конгрессга', 'Россия', 'ёлланма', 'аскарларини', 'жавобгарликка', 'тортиш', 'тўғрисидаги', 'икки', 'партиявий', 'қонун', 'лойиҳасини', 'тақдим', 'этдилар', 'унга', 'кўра', 'АҚШ', 'давлат', 'котибидан', 'Вагнер', 'ХҲКни', 'хорижий', 'террорчилик', 'ташкилоти', 'сифатида', 'белгилашни', 'талаб', 'қилиняпти', 'Бу', 'ҳақда', '1', 'декабрь', 'пайшанба', 'куни', 'сенатор', 'Рожер', 'Уикер', 'сайтида', 'маълум', 'қилинди']","['-', '1', 'АҚШ', 'Бен', 'Бу', 'Вагнер', 'Кардин', 'Конгрессга', 'Рожер', 'Россия', 'Уикер', 'ХҲКни', 'аскарларини', 'белгилашни', 'ва', 'давлат', 'декабрь', 'демократ', 'жавобгарликка', 'икки', 'котибидан', 'куни', 'кўра', 'лойиҳасини', 'маълум', 'пайшанба', 'партиявий', 'республикачи', 'сайтида', 'сенатор', 'сенаторлари', 'сифатида', 'талаб', 'ташкилоти', 'тақдим', 'террорчилик', 'тортиш', 'тўғрисидаги', 'унга', 'хорижий', 'этдилар', 'ёлланма', 'қилинди', 'қилиняпти', 'қонун', 'ҳақда']","{'АҚШ': 2, 'сенаторлари': 1, '-': 1, 'республикачи': 1, 'Рожер': 2, 'Уикер': 2, 'ва': 1, 'демократ': 1, 'Бен': 1, 'Кардин': 1, 'Конгрессга': 1, 'Россия': 1, 'ёлланма': 1, 'аскарларини': 1, 'жавобгарликка': 1, 'тортиш': 1, 'тўғрисидаги': 1, 'икки': 1, 'партиявий': 1, 'қонун': 1, 'лойиҳасини': 1, 'тақдим': 1, 'этдилар': 1, 'унга': 1, 'кўра': 1, 'давлат': 1, 'котибидан': 1, 'Вагнер': 1, 'ХҲКни': 1, 'хорижий': 1, 'террорчилик': 1, 'ташкилоти': 1, 'сифатида': 1, 'белгилашни': 1, 'талаб': 1, 'қилиняпти': 1, 'Бу': 1, 'ҳақда': 1, '1': 1, 'декабрь': 1, 'пайшанба': 1, 'куни': 1, 'сенатор': 1, 'сайтида': 1, 'маълум': 1, 'қилинди': 1}"
https://kun.uz/news/2022/12/02/yevropa-ittifoqida-ukraina-tarafdorlarining-ulushi-biroz-kamaydi,2022-12-02 11:11:35.460230,"Россиянинг Украинага қарши уруши бошланганидан тўққиз ой ўтиб ҳам Европа Иттифоқи аҳолисининг ярми Киевга қурол етказиб беришни қўллаб-қувватламоқда. Айни пайтда, Россия тажовузкорлиги бошланганидан кўп ўтмай - март ойида - бу кўрсаткич олти фоиз пунктга, яъни 56 фоиз эди, бундан 1 декабрь, пайшанба куни эълон қилинган Бертельсман жамғармаси (Дие Die Bertelsmann Stiftung) томонидан ўтказилган сўров натижалари дарак бермоқда.","['Россиянинг', 'Украинага', 'қарши', 'уруши', 'бошланганидан', 'тўққиз', 'ой', 'ўтиб', 'ҳам', 'Европа', 'Иттифоқи', 'аҳолисининг', 'ярми', 'Киевга', 'қурол', 'етказиб', 'беришни', 'қўллаб-қувватламоқда', 'Айни', 'пайтда', 'Россия', 'тажовузкорлиги', 'бошланганидан', 'кўп', 'ўтмай', '-', 'март', 'ойида', '-', 'бу', 'кўрсаткич', 'олти', 'фоиз', 'пунктга', 'яъни', '56', 'фоиз', 'эди', 'бундан', '1', 'декабрь', 'пайшанба', 'куни', 'эълон', 'қилинган', 'Бертельсман', 'жамғармаси', 'Дие', 'Die', 'Bertelsmann', 'Stiftung', 'томонидан', 'ўтказилган', 'сўров', 'натижалари', 'дарак', 'бермоқда']","['-', '1', '56', 'Bertelsmann', 'Die', 'Stiftung', 'Айни', 'Бертельсман', 'Дие', 'Европа', 'Иттифоқи', 'Киевга', 'Россия', 'Россиянинг', 'Украинага', 'аҳолисининг', 'беришни', 'бермоқда', 'бошланганидан', 'бу', 'бундан', 'дарак', 'декабрь', 'етказиб', 'жамғармаси', 'куни', 'кўп', 'кўрсаткич', 'март', 'натижалари', 'ой', 'ойида', 'олти', 'пайтда', 'пайшанба', 'пунктга', 'сўров', 'тажовузкорлиги', 'томонидан', 'тўққиз', 'уруши', 'фоиз', 'эди', 'эълон', 'ярми', 'яъни', 'ўтиб', 'ўтказилган', 'ўтмай', 'қарши', 'қилинган', 'қурол', 'қўллаб-қувватламоқда', 'ҳам']","{'Россиянинг': 1, 'Украинага': 1, 'қарши': 1, 'уруши': 1, 'бошланганидан': 2, 'тўққиз': 1, 'ой': 1, 'ўтиб': 1, 'ҳам': 1, 'Европа': 1, 'Иттифоқи': 1, 'аҳолисининг': 1, 'ярми': 1, 'Киевга': 1, 'қурол': 1, 'етказиб': 1, 'беришни': 1, 'қўллаб-қувватламоқда': 1, 'Айни': 1, 'пайтда': 1, 'Россия': 1, 'тажовузкорлиги': 1, 'кўп': 1, 'ўтмай': 1, '-': 2, 'март': 1, 'ойида': 1, 'бу': 1, 'кўрсаткич': 1, 'олти': 1, 'фоиз': 2, 'пунктга': 1, 'яъни': 1, '56': 1, 'эди': 1, 'бундан': 1, '1': 1, 'декабрь': 1, 'пайшанба': 1, 'куни': 1, 'эълон': 1, 'қилинган': 1, 'Бертельсман': 1, 'жамғармаси': 1, 'Дие': 1, 'Die': 1, 'Bertelsmann': 1, 'Stiftung': 1, 'томонидан': 1, 'ўтказилган': 1, 'сўров': 1, 'натижалари': 1, 'дарак': 1, 'бермоқда': 1}"
https://kun.uz/news/2022/12/02/sorov-qozogiston-yoshlari-ukraina-uchun-keksalar-rossiya-uchun,2022-12-02 11:11:35.579059,"Қозоғистонликларнинг 22 фоизи Украинани Россия билан зиддиятда сўзсиз қўллаб-қувватлайди, бу урушга муносабат масаласида қозоғистонликлар ўртасида биринчи сўров ўтказилган март ойига (10 фоиз) нисбатан икки баравар кўпдир. Бу ҳақда Demoscope жамоатчилик фикрини экспресс-мониторинг қилиш бюроси томонидан 1 декабрь, пайшанба куни чоп этилган социологик сўров натижаларида айтилган.","['Қозоғистонликларнинг', '22', 'фоизи', 'Украинани', 'Россия', 'билан', 'зиддиятда', 'сўзсиз', 'қўллаб-қувватлайди', 'бу', 'урушга', 'муносабат', 'масаласида', 'қозоғистонликлар', 'ўртасида', 'биринчи', 'сўров', 'ўтказилган', 'март', 'ойига', '10', 'фоиз', 'нисбатан', 'икки', 'баравар', 'кўпдир', 'Бу', 'ҳақда', 'Demoscope', 'жамоатчилик', 'фикрини', 'экспресс-мониторинг', 'қилиш', 'бюроси', 'томонидан', '1', 'декабрь', 'пайшанба', 'куни', 'чоп', 'этилган', 'социологик', 'сўров', 'натижаларида', 'айтилган']","['1', '10', '22', 'Demoscope', 'Бу', 'Россия', 'Украинани', 'айтилган', 'баравар', 'билан', 'биринчи', 'бу', 'бюроси', 'декабрь', 'жамоатчилик', 'зиддиятда', 'икки', 'куни', 'кўпдир', 'март', 'масаласида', 'муносабат', 'натижаларида', 'нисбатан', 'ойига', 'пайшанба', 'социологик', 'сўзсиз', 'сўров', 'томонидан', 'урушга', 'фикрини', 'фоиз', 'фоизи', 'чоп', 'экспресс-мониторинг', 'этилган', 'ўртасида', 'ўтказилган', 'Қозоғистонликларнинг', 'қилиш', 'қозоғистонликлар', 'қўллаб-қувватлайди', 'ҳақда']","{'Қозоғистонликларнинг': 1, '22': 1, 'фоизи': 1, 'Украинани': 1, 'Россия': 1, 'билан': 1, 'зиддиятда': 1, 'сўзсиз': 1, 'қўллаб-қувватлайди': 1, 'бу': 1, 'урушга': 1, 'муносабат': 1, 'масаласида': 1, 'қозоғистонликлар': 1, 'ўртасида': 1, 'биринчи': 1, 'сўров': 2, 'ўтказилган': 1, 'март': 1, 'ойига': 1, '10': 1, 'фоиз': 1, 'нисбатан': 1, 'икки': 1, 'баравар': 1, 'кўпдир': 1, 'Бу': 1, 'ҳақда': 1, 'Demoscope': 1, 'жамоатчилик': 1, 'фикрини': 1, 'экспресс-мониторинг': 1, 'қилиш': 1, 'бюроси': 1, 'томонидан': 1, '1': 1, 'декабрь': 1, 'пайшанба': 1, 'куни': 1, 'чоп': 1, 'этилган': 1, 'социологик': 1, 'натижаларида': 1, 'айтилган': 1}"
https://kun.uz/news/2022/12/02/yoqutistondan-donbassga-otovlar-va-shamanlar-yuboriladi,2022-12-02 11:11:35.690160,"Унинг «Сибирь. Реалии» нашри томонидан келтирилган сўзларига кўра, бу уйларда рус ҳарбийлари шаманлик маросимини ўтказиши ва дам олишлари мумкин бўлади, у аскарларнинг маънавиятини ошириш ва уларни даволашни ""инсонпарварлик ёрдамининг"" энг асосий мақсади деб атади.","['Унинг', '«Сибирь', 'Реалии»', 'нашри', 'томонидан', 'келтирилган', 'сўзларига', 'кўра', 'бу', 'уйларда', 'рус', 'ҳарбийлари', 'шаманлик', 'маросимини', 'ўтказиши', 'ва', 'дам', 'олишлари', 'мумкин', 'бўлади', 'у', 'аскарларнинг', 'маънавиятини', 'ошириш', 'ва', 'уларни', 'даволашни', '""инсонпарварлик', 'ёрдамининг""', 'энг', 'асосий', 'мақсади', 'деб', 'атади']","['""инсонпарварлик', '«Сибирь', 'Реалии»', 'Унинг', 'аскарларнинг', 'асосий', 'атади', 'бу', 'бўлади', 'ва', 'даволашни', 'дам', 'деб', 'келтирилган', 'кўра', 'маросимини', 'маънавиятини', 'мақсади', 'мумкин', 'нашри', 'олишлари', 'ошириш', 'рус', 'сўзларига', 'томонидан', 'у', 'уйларда', 'уларни', 'шаманлик', 'энг', 'ёрдамининг""', 'ўтказиши', 'ҳарбийлари']","{'Унинг': 1, '«Сибирь': 1, 'Реалии»': 1, 'нашри': 1, 'томонидан': 1, 'келтирилган': 1, 'сўзларига': 1, 'кўра': 1, 'бу': 1, 'уйларда': 1, 'рус': 1, 'ҳарбийлари': 1, 'шаманлик': 1, 'маросимини': 1, 'ўтказиши': 1, 'ва': 2, 'дам': 1, 'олишлари': 1, 'мумкин': 1, 'бўлади': 1, 'у': 1, 'аскарларнинг': 1, 'маънавиятини': 1, 'ошириш': 1, 'уларни': 1, 'даволашни': 1, '""инсонпарварлик': 1, 'ёрдамининг""': 1, 'энг': 1, 'асосий': 1, 'мақсади': 1, 'деб': 1, 'атади': 1}"
https://kun.uz/news/2022/12/02/zelenskiy-rossiya-bilan-bogliq-diniy-tashkilotlarni-taqiqlashga-rozi-boldi,2022-12-02 11:11:35.794258,"Миллий хавфсизлик ва мудофаа кенгаши (МХМК) Украина ҳукуматига Олий радага мамлакатда диний ташкилотларнинг «Россиядаги таъсир марказлари билан боғлиқ» фаолиятининг тақиқланиши тўғрисидаги қонун лойиҳасини тақдим этишни топширди. Бу ҳақда Украина президенти Володимир Зеленский 1 декабрь, пайшанба куни ватандошларга қилган кечки мурожаатида Миллий хавфсизлик ва мудофаа кенгашининг ўша куни бўлиб ўтган «Украина ва тажовузкор давлатнинг алоҳида диний доиралари ўртасидаги алоқалар кўплаб фактларига» бағишланган йиғилиши якунларини изоҳлар экан, маълум қилди.","['Миллий', 'хавфсизлик', 'ва', 'мудофаа', 'кенгаши', 'МХМК', 'Украина', 'ҳукуматига', 'Олий', 'радага', 'мамлакатда', 'диний', 'ташкилотларнинг', '«Россиядаги', 'таъсир', 'марказлари', 'билан', 'боғлиқ»', 'фаолиятининг', 'тақиқланиши', 'тўғрисидаги', 'қонун', 'лойиҳасини', 'тақдим', 'этишни', 'топширди', 'Бу', 'ҳақда', 'Украина', 'президенти', 'Володимир', 'Зеленский', '1', 'декабрь', 'пайшанба', 'куни', 'ватандошларга', 'қилган', 'кечки', 'мурожаатида', 'Миллий', 'хавфсизлик', 'ва', 'мудофаа', 'кенгашининг', 'ўша', 'куни', 'бўлиб', 'ўтган', '«Украина', 'ва', 'тажовузкор', 'давлатнинг', 'алоҳида', 'диний', 'доиралари', 'ўртасидаги', 'алоқалар', 'кўплаб', 'фактларига»', 'бағишланган', 'йиғилиши', 'якунларини', 'изоҳлар', 'экан', 'маълум', 'қилди']","['1', '«Россиядаги', '«Украина', 'Бу', 'Володимир', 'Зеленский', 'МХМК', 'Миллий', 'Олий', 'Украина', 'алоқалар', 'алоҳида', 'бағишланган', 'билан', 'боғлиқ»', 'бўлиб', 'ва', 'ватандошларга', 'давлатнинг', 'декабрь', 'диний', 'доиралари', 'изоҳлар', 'йиғилиши', 'кенгаши', 'кенгашининг', 'кечки', 'куни', 'кўплаб', 'лойиҳасини', 'мамлакатда', 'марказлари', 'маълум', 'мудофаа', 'мурожаатида', 'пайшанба', 'президенти', 'радага', 'тажовузкор', 'ташкилотларнинг', 'таъсир', 'тақдим', 'тақиқланиши', 'топширди', 'тўғрисидаги', 'фактларига»', 'фаолиятининг', 'хавфсизлик', 'экан', 'этишни', 'якунларини', 'ўртасидаги', 'ўтган', 'ўша', 'қилган', 'қилди', 'қонун', 'ҳақда', 'ҳукуматига']","{'Миллий': 2, 'хавфсизлик': 2, 'ва': 3, 'мудофаа': 2, 'кенгаши': 1, 'МХМК': 1, 'Украина': 2, 'ҳукуматига': 1, 'Олий': 1, 'радага': 1, 'мамлакатда': 1, 'диний': 2, 'ташкилотларнинг': 1, '«Россиядаги': 1, 'таъсир': 1, 'марказлари': 1, 'билан': 1, 'боғлиқ»': 1, 'фаолиятининг': 1, 'тақиқланиши': 1, 'тўғрисидаги': 1, 'қонун': 1, 'лойиҳасини': 1, 'тақдим': 1, 'этишни': 1, 'топширди': 1, 'Бу': 1, 'ҳақда': 1, 'президенти': 1, 'Володимир': 1, 'Зеленский': 1, '1': 1, 'декабрь': 1, 'пайшанба': 1, 'куни': 2, 'ватандошларга': 1, 'қилган': 1, 'кечки': 1, 'мурожаатида': 1, 'кенгашининг': 1, 'ўша': 1, 'бўлиб': 1, 'ўтган': 1, '«Украина': 1, 'тажовузкор': 1, 'давлатнинг': 1, 'алоҳида': 1, 'доиралари': 1, 'ўртасидаги': 1, 'алоқалар': 1, 'кўплаб': 1, 'фактларига»': 1, 'бағишланган': 1, 'йиғилиши': 1, 'якунларини': 1, 'изоҳлар': 1, 'экан': 1, 'маълум': 1, 'қилди': 1}"
https://kun.uz/news/2022/12/02/makron-fransiya-va-aqsh-rossiya-agressiyasi-fonida-hamkorlikni-kuchaytirishi-kerak,2022-12-02 11:11:35.887388,"АҚШ президенти Жо Байден ва Франция президенти Эммануэл Макрон савдо соҳасидаги зиддиятга қарамай, ўз мамлакатлари ўртасидаги муносабатлар даражасини юқори баҳолади. Байден 1 декабрь, пайшанба куни АҚШга кўп кунлик давлат ташрифи билан келган Макронни Оқ уйда қабул қилди. У «Франция ва Америка Қўшма Штатлари ўртасидаги ажойиб дўстликнинг кучи, қатъийлигини» юқори баҳолади.","['АҚШ', 'президенти', 'Жо', 'Байден', 'ва', 'Франция', 'президенти', 'Эммануэл', 'Макрон', 'савдо', 'соҳасидаги', 'зиддиятга', 'қарамай', 'ўз', 'мамлакатлари', 'ўртасидаги', 'муносабатлар', 'даражасини', 'юқори', 'баҳолади', 'Байден', '1', 'декабрь', 'пайшанба', 'куни', 'АҚШга', 'кўп', 'кунлик', 'давлат', 'ташрифи', 'билан', 'келган', 'Макронни', 'Оқ', 'уйда', 'қабул', 'қилди', 'У', '«Франция', 'ва', 'Америка', 'Қўшма', 'Штатлари', 'ўртасидаги', 'ажойиб', 'дўстликнинг', 'кучи', 'қатъийлигини»', 'юқори', 'баҳолади']","['1', '«Франция', 'Америка', 'АҚШ', 'АҚШга', 'Байден', 'Жо', 'Макрон', 'Макронни', 'Оқ', 'У', 'Франция', 'Штатлари', 'Эммануэл', 'ажойиб', 'баҳолади', 'билан', 'ва', 'давлат', 'даражасини', 'декабрь', 'дўстликнинг', 'зиддиятга', 'келган', 'куни', 'кунлик', 'кучи', 'кўп', 'мамлакатлари', 'муносабатлар', 'пайшанба', 'президенти', 'савдо', 'соҳасидаги', 'ташрифи', 'уйда', 'юқори', 'ўз', 'ўртасидаги', 'Қўшма', 'қабул', 'қарамай', 'қатъийлигини»', 'қилди']","{'АҚШ': 1, 'президенти': 2, 'Жо': 1, 'Байден': 2, 'ва': 2, 'Франция': 1, 'Эммануэл': 1, 'Макрон': 1, 'савдо': 1, 'соҳасидаги': 1, 'зиддиятга': 1, 'қарамай': 1, 'ўз': 1, 'мамлакатлари': 1, 'ўртасидаги': 2, 'муносабатлар': 1, 'даражасини': 1, 'юқори': 2, 'баҳолади': 2, '1': 1, 'декабрь': 1, 'пайшанба': 1, 'куни': 1, 'АҚШга': 1, 'кўп': 1, 'кунлик': 1, 'давлат': 1, 'ташрифи': 1, 'билан': 1, 'келган': 1, 'Макронни': 1, 'Оқ': 1, 'уйда': 1, 'қабул': 1, 'қилди': 1, 'У': 1, '«Франция': 1, 'Америка': 1, 'Қўшма': 1, 'Штатлари': 1, 'ажойиб': 1, 'дўстликнинг': 1, 'кучи': 1, 'қатъийлигини»': 1}"
https://kun.uz/news/2022/12/02/vazir-ispaniya-ukrainani-qollab-quvvatlash-boyicha-oz-majburiyatini-bajaradi,2022-12-02 11:11:35.990000,"«Украина нафақат ўз суверенитети ва ҳудудий яхлитлигини, балки дунё тинчлиги ва демократик қадриятлар ҳамжамиятини ҳимоя қилмоқда», — дея Роблеснинг сўзларини келтирган Electomania.es интернет портали. ","['«Украина', 'нафақат', 'ўз', 'суверенитети', 'ва', 'ҳудудий', 'яхлитлигини', 'балки', 'дунё', 'тинчлиги', 'ва', 'демократик', 'қадриятлар', 'ҳамжамиятини', 'ҳимоя', 'қилмоқда»', '—', 'дея', 'Роблеснинг', 'сўзларини', 'келтирган', 'Electomania.es', 'интернет', 'портали']","['Electomania.es', '«Украина', 'Роблеснинг', 'балки', 'ва', 'демократик', 'дея', 'дунё', 'интернет', 'келтирган', 'нафақат', 'портали', 'суверенитети', 'сўзларини', 'тинчлиги', 'яхлитлигини', 'ўз', 'қадриятлар', 'қилмоқда»', 'ҳамжамиятини', 'ҳимоя', 'ҳудудий', '—']","{'«Украина': 1, 'нафақат': 1, 'ўз': 1, 'суверенитети': 1, 'ва': 2, 'ҳудудий': 1, 'яхлитлигини': 1, 'балки': 1, 'дунё': 1, 'тинчлиги': 1, 'демократик': 1, 'қадриятлар': 1, 'ҳамжамиятини': 1, 'ҳимоя': 1, 'қилмоқда»': 1, '—': 1, 'дея': 1, 'Роблеснинг': 1, 'сўзларини': 1, 'келтирган': 1, 'Electomania.es': 1, 'интернет': 1, 'портали': 1}"
https://kun.uz/news/2022/12/02/makron-va-bayden-ukrainani-qollab-quvvatlashda-davom-etish-niyatida,2022-12-02 11:11:36.145103,"АҚШ ва Франция ҳамда уларнинг иттифоқчилари Россияни Украинага қарши тажовуз учун жавобгарликка тортиш бўйича ҳамкорликни давом эттириш ниятида. Бу ҳақда АҚШ президенти Жо Байден 1 декабрь, пайшанба куни Вашингтонда расмий ташриф билан бўлиб турган Франция президенти Эммануэл Макрон билан қўшма матбуот анжуманида айтиб ўтди.","['АҚШ', 'ва', 'Франция', 'ҳамда', 'уларнинг', 'иттифоқчилари', 'Россияни', 'Украинага', 'қарши', 'тажовуз', 'учун', 'жавобгарликка', 'тортиш', 'бўйича', 'ҳамкорликни', 'давом', 'эттириш', 'ниятида', 'Бу', 'ҳақда', 'АҚШ', 'президенти', 'Жо', 'Байден', '1', 'декабрь', 'пайшанба', 'куни', 'Вашингтонда', 'расмий', 'ташриф', 'билан', 'бўлиб', 'турган', 'Франция', 'президенти', 'Эммануэл', 'Макрон', 'билан', 'қўшма', 'матбуот', 'анжуманида', 'айтиб', 'ўтди']","['1', 'АҚШ', 'Байден', 'Бу', 'Вашингтонда', 'Жо', 'Макрон', 'Россияни', 'Украинага', 'Франция', 'Эммануэл', 'айтиб', 'анжуманида', 'билан', 'бўйича', 'бўлиб', 'ва', 'давом', 'декабрь', 'жавобгарликка', 'иттифоқчилари', 'куни', 'матбуот', 'ниятида', 'пайшанба', 'президенти', 'расмий', 'тажовуз', 'ташриф', 'тортиш', 'турган', 'уларнинг', 'учун', 'эттириш', 'ўтди', 'қарши', 'қўшма', 'ҳамда', 'ҳамкорликни', 'ҳақда']","{'АҚШ': 2, 'ва': 1, 'Франция': 2, 'ҳамда': 1, 'уларнинг': 1, 'иттифоқчилари': 1, 'Россияни': 1, 'Украинага': 1, 'қарши': 1, 'тажовуз': 1, 'учун': 1, 'жавобгарликка': 1, 'тортиш': 1, 'бўйича': 1, 'ҳамкорликни': 1, 'давом': 1, 'эттириш': 1, 'ниятида': 1, 'Бу': 1, 'ҳақда': 1, 'президенти': 2, 'Жо': 1, 'Байден': 1, '1': 1, 'декабрь': 1, 'пайшанба': 1, 'куни': 1, 'Вашингтонда': 1, 'расмий': 1, 'ташриф': 1, 'билан': 2, 'бўлиб': 1, 'турган': 1, 'Эммануэл': 1, 'Макрон': 1, 'қўшма': 1, 'матбуот': 1, 'анжуманида': 1, 'айтиб': 1, 'ўтди': 1}"
https://kun.uz/news/2022/12/02/alisher-usmonov-rossiyada-yil-metsenati-mukofotiga-sazovor-boldi,2022-12-02 11:11:37.244007,Россиялик тадбиркор Алишер Усмонов Russian Creative Awards 2022 танловида «Йил меценати» мукофотини олди.,"['Россиялик', 'тадбиркор', 'Алишер', 'Усмонов', 'Russian', 'Creative', 'Awards', '2022', 'танловида', '«Йил', 'меценати»', 'мукофотини', 'олди']","['2022', 'Awards', 'Creative', 'Russian', '«Йил', 'Алишер', 'Россиялик', 'Усмонов', 'меценати»', 'мукофотини', 'олди', 'тадбиркор', 'танловида']","{'Россиялик': 1, 'тадбиркор': 1, 'Алишер': 1, 'Усмонов': 1, 'Russian': 1, 'Creative': 1, 'Awards': 1, '2022': 1, 'танловида': 1, '«Йил': 1, 'меценати»': 1, 'мукофотини': 1, 'олди': 1}"
https://kun.uz/news/2022/12/02/bayden-va-makron-nato-yadro-arsenali-tinchlikni-saqlash-va-tajovuzni-oldini-olish-uchun-zarur,2022-12-02 11:11:37.353632,АҚШ ва Франция президентлари Жо Байден ва Эммануэл Макрон Оқ уйда бўлиб ўтган учрашув якунлари бўйича «тинчликни сақлаш» учун НАТО давлатларининг ядро арсеналига эҳтиёж борлигини айтди.,"['АҚШ', 'ва', 'Франция', 'президентлари', 'Жо', 'Байден', 'ва', 'Эммануэл', 'Макрон', 'Оқ', 'уйда', 'бўлиб', 'ўтган', 'учрашув', 'якунлари', 'бўйича', '«тинчликни', 'сақлаш»', 'учун', 'НАТО', 'давлатларининг', 'ядро', 'арсеналига', 'эҳтиёж', 'борлигини', 'айтди']","['«тинчликни', 'АҚШ', 'Байден', 'Жо', 'Макрон', 'НАТО', 'Оқ', 'Франция', 'Эммануэл', 'айтди', 'арсеналига', 'борлигини', 'бўйича', 'бўлиб', 'ва', 'давлатларининг', 'президентлари', 'сақлаш»', 'уйда', 'учрашув', 'учун', 'эҳтиёж', 'ядро', 'якунлари', 'ўтган']","{'АҚШ': 1, 'ва': 2, 'Франция': 1, 'президентлари': 1, 'Жо': 1, 'Байден': 1, 'Эммануэл': 1, 'Макрон': 1, 'Оқ': 1, 'уйда': 1, 'бўлиб': 1, 'ўтган': 1, 'учрашув': 1, 'якунлари': 1, 'бўйича': 1, '«тинчликни': 1, 'сақлаш»': 1, 'учун': 1, 'НАТО': 1, 'давлатларининг': 1, 'ядро': 1, 'арсеналига': 1, 'эҳтиёж': 1, 'борлигини': 1, 'айтди': 1}"
https://kun.uz/news/2022/12/01/rossiya-2023-yilda-124-ming-mehnat-migrantini-jalb-qilmoqchi,2022-12-02 11:11:37.490067,Россия 2023 йилда деярли 124 минг хорижий ишчини жалб қилишни режалаштирмоқда. Россия ҳукуматининг тегишли қарори пайшанба куни норматив-ҳуқуқий ҳужжатларнинг расмий интернет порталида эълон қилинди. ,"['Россия', '2023', 'йилда', 'деярли', '124', 'минг', 'хорижий', 'ишчини', 'жалб', 'қилишни', 'режалаштирмоқда', 'Россия', 'ҳукуматининг', 'тегишли', 'қарори', 'пайшанба', 'куни', 'норматив-ҳуқуқий', 'ҳужжатларнинг', 'расмий', 'интернет', 'порталида', 'эълон', 'қилинди']","['124', '2023', 'Россия', 'деярли', 'жалб', 'интернет', 'ишчини', 'йилда', 'куни', 'минг', 'норматив-ҳуқуқий', 'пайшанба', 'порталида', 'расмий', 'режалаштирмоқда', 'тегишли', 'хорижий', 'эълон', 'қарори', 'қилинди', 'қилишни', 'ҳужжатларнинг', 'ҳукуматининг']","{'Россия': 2, '2023': 1, 'йилда': 1, 'деярли': 1, '124': 1, 'минг': 1, 'хорижий': 1, 'ишчини': 1, 'жалб': 1, 'қилишни': 1, 'режалаштирмоқда': 1, 'ҳукуматининг': 1, 'тегишли': 1, 'қарори': 1, 'пайшанба': 1, 'куни': 1, 'норматив-ҳуқуқий': 1, 'ҳужжатларнинг': 1, 'расмий': 1, 'интернет': 1, 'порталида': 1, 'эълон': 1, 'қилинди': 1}"
https://kun.uz/news/2022/12/01/shols-bundesverda-oq-dori-tanqisligi-yuzaga-kelganini-tan-oldi,2022-12-02 11:11:37.587035,"Германия канцлери Олаф Шолц НАТО бош котиби Йенс Столтенберг билан қўшма матбуот анжуманида Бундесвер (Германия армияси) оғир аҳволдалигини, чунки ўқ-дорилар тақчиллигини бошдан кечираётганини айтди.","['Германия', 'канцлери', 'Олаф', 'Шолц', 'НАТО', 'бош', 'котиби', 'Йенс', 'Столтенберг', 'билан', 'қўшма', 'матбуот', 'анжуманида', 'Бундесвер', 'Германия', 'армияси', 'оғир', 'аҳволдалигини', 'чунки', 'ўқ-дорилар', 'тақчиллигини', 'бошдан', 'кечираётганини', 'айтди']","['Бундесвер', 'Германия', 'Йенс', 'НАТО', 'Олаф', 'Столтенберг', 'Шолц', 'айтди', 'анжуманида', 'армияси', 'аҳволдалигини', 'билан', 'бош', 'бошдан', 'канцлери', 'кечираётганини', 'котиби', 'матбуот', 'оғир', 'тақчиллигини', 'чунки', 'ўқ-дорилар', 'қўшма']","{'Германия': 2, 'канцлери': 1, 'Олаф': 1, 'Шолц': 1, 'НАТО': 1, 'бош': 1, 'котиби': 1, 'Йенс': 1, 'Столтенберг': 1, 'билан': 1, 'қўшма': 1, 'матбуот': 1, 'анжуманида': 1, 'Бундесвер': 1, 'армияси': 1, 'оғир': 1, 'аҳволдалигини': 1, 'чунки': 1, 'ўқ-дорилар': 1, 'тақчиллигини': 1, 'бошдан': 1, 'кечираётганини': 1, 'айтди': 1}"
https://kun.uz/news/2022/12/01/aqsh-moliya-vazirligi-rossiya-neftining-narxi-60-dollar-qilib-belgilanadi,2022-12-02 11:11:37.695359,Россия нефтининг энг юқори нархи бир баррел учун 60 доллар бўлади ва келажакда унинг қийматини ўзгартириш имконияти ҳам сақлаб қолинади. ,"['Россия', 'нефтининг', 'энг', 'юқори', 'нархи', 'бир', 'баррел', 'учун', '60', 'доллар', 'бўлади', 'ва', 'келажакда', 'унинг', 'қийматини', 'ўзгартириш', 'имконияти', 'ҳам', 'сақлаб', 'қолинади']","['60', 'Россия', 'баррел', 'бир', 'бўлади', 'ва', 'доллар', 'имконияти', 'келажакда', 'нархи', 'нефтининг', 'сақлаб', 'унинг', 'учун', 'энг', 'юқори', 'ўзгартириш', 'қийматини', 'қолинади', 'ҳам']","{'Россия': 1, 'нефтининг': 1, 'энг': 1, 'юқори': 1, 'нархи': 1, 'бир': 1, 'баррел': 1, 'учун': 1, '60': 1, 'доллар': 1, 'бўлади': 1, 'ва': 1, 'келажакда': 1, 'унинг': 1, 'қийматини': 1, 'ўзгартириш': 1, 'имконияти': 1, 'ҳам': 1, 'сақлаб': 1, 'қолинади': 1}"
https://kun.uz/news/2022/12/01/interpol-afrikaning-eng-boy-ayolini-qidiruvga-berdi,2022-12-02 11:11:37.793062,Интерпол Ангола собиқ президентининг қизи Изабел душ Сантушга нисбатан «қизил хабарнома» чиқарди. Бу унинг қидирувга берилганини англатади. ,"['Интерпол', 'Ангола', 'собиқ', 'президентининг', 'қизи', 'Изабел', 'душ', 'Сантушга', 'нисбатан', '«қизил', 'хабарнома»', 'чиқарди', 'Бу', 'унинг', 'қидирувга', 'берилганини', 'англатади']","['«қизил', 'Ангола', 'Бу', 'Изабел', 'Интерпол', 'Сантушга', 'англатади', 'берилганини', 'душ', 'нисбатан', 'президентининг', 'собиқ', 'унинг', 'хабарнома»', 'чиқарди', 'қидирувга', 'қизи']","{'Интерпол': 1, 'Ангола': 1, 'собиқ': 1, 'президентининг': 1, 'қизи': 1, 'Изабел': 1, 'душ': 1, 'Сантушга': 1, 'нисбатан': 1, '«қизил': 1, 'хабарнома»': 1, 'чиқарди': 1, 'Бу': 1, 'унинг': 1, 'қидирувга': 1, 'берилганини': 1, 'англатади': 1}"
https://kun.uz/news/2022/12/01/ishid-oz-yetakchisi-olimi-haqida-xabar-berdi,2022-12-02 11:11:37.918521,"Гуруҳ вакили гуруҳга алоқадор телеграм-каналда ал-Қурайший «Худонинг душманлари» билан бўлган жангда ҳалок бўлгани ҳақида аудиохабар қолдирган, аммо бошқа тафсилотлар келтирилмаган. Гуруҳ етакчиси 45 ёшда эди.","['Гуруҳ', 'вакили', 'гуруҳга', 'алоқадор', 'телеграм-каналда', 'ал-Қурайший', '«Худонинг', 'душманлари»', 'билан', 'бўлган', 'жангда', 'ҳалок', 'бўлгани', 'ҳақида', 'аудиохабар', 'қолдирган', 'аммо', 'бошқа', 'тафсилотлар', 'келтирилмаган', 'Гуруҳ', 'етакчиси', '45', 'ёшда', 'эди']","['45', '«Худонинг', 'Гуруҳ', 'ал-Қурайший', 'алоқадор', 'аммо', 'аудиохабар', 'билан', 'бошқа', 'бўлган', 'бўлгани', 'вакили', 'гуруҳга', 'душманлари»', 'етакчиси', 'жангда', 'келтирилмаган', 'тафсилотлар', 'телеграм-каналда', 'эди', 'ёшда', 'қолдирган', 'ҳалок', 'ҳақида']","{'Гуруҳ': 2, 'вакили': 1, 'гуруҳга': 1, 'алоқадор': 1, 'телеграм-каналда': 1, 'ал-Қурайший': 1, '«Худонинг': 1, 'душманлари»': 1, 'билан': 1, 'бўлган': 1, 'жангда': 1, 'ҳалок': 1, 'бўлгани': 1, 'ҳақида': 1, 'аудиохабар': 1, 'қолдирган': 1, 'аммо': 1, 'бошқа': 1, 'тафсилотлар': 1, 'келтирилмаган': 1, 'етакчиси': 1, '45': 1, 'ёшда': 1, 'эди': 1}"
https://kun.uz/news/2022/12/01/qirgiziston-prezidenti-sudga-chaqiriladi,2022-12-02 11:11:38.022066,Қирғизистон пойтахти Бишкек шаҳрининг Первомайский туман суди 2010 йил июн воқеалари бўйича жиноят ишини кўришда давом этмоқда.,"['Қирғизистон', 'пойтахти', 'Бишкек', 'шаҳрининг', 'Первомайский', 'туман', 'суди', '2010', 'йил', 'июн', 'воқеалари', 'бўйича', 'жиноят', 'ишини', 'кўришда', 'давом', 'этмоқда']","['2010', 'Бишкек', 'Первомайский', 'бўйича', 'воқеалари', 'давом', 'жиноят', 'ишини', 'июн', 'йил', 'кўришда', 'пойтахти', 'суди', 'туман', 'шаҳрининг', 'этмоқда', 'Қирғизистон']","{'Қирғизистон': 1, 'пойтахти': 1, 'Бишкек': 1, 'шаҳрининг': 1, 'Первомайский': 1, 'туман': 1, 'суди': 1, '2010': 1, 'йил': 1, 'июн': 1, 'воқеалари': 1, 'бўйича': 1, 'жиноят': 1, 'ишини': 1, 'кўришда': 1, 'давом': 1, 'этмоқда': 1}"
https://kun.uz/news/2022/12/01/ukrainaga-150-km-masofaga-ucha-oluvchi-raketalar-yetkazib-berish-taklif-qilindi-bu-ozi-qanday-qurol,2022-12-02 11:11:38.112056,"Пентагон Украинага узоқ масофага учувчи юқори аниқликдаги ракеталар етказиб бериш имкониятини кўриб чиқмоқда. Reuters нашри хабарига кўра, Boeing корпорацияси АҚШ Мудофаа вазирлигига украиналикларга 150 км масофагача уча олувчи Ground-Launched Small Diameter Bomb (GLSDB) ракеталарини беришни таклиф қилган. Бу қурол Украинага Россиянинг фронт ортидаги, ҳозирча етиб бориб бўлмайдиган нишонларига аниқ зарба бериш имконини тақдим этади.","['Пентагон', 'Украинага', 'узоқ', 'масофага', 'учувчи', 'юқори', 'аниқликдаги', 'ракеталар', 'етказиб', 'бериш', 'имкониятини', 'кўриб', 'чиқмоқда', 'Reuters', 'нашри', 'хабарига', 'кўра', 'Boeing', 'корпорацияси', 'АҚШ', 'Мудофаа', 'вазирлигига', 'украиналикларга', '150', 'км', 'масофагача', 'уча', 'олувчи', 'Ground-Launched', 'Small', 'Diameter', 'Bomb', 'GLSDB', 'ракеталарини', 'беришни', 'таклиф', 'қилган', 'Бу', 'қурол', 'Украинага', 'Россиянинг', 'фронт', 'ортидаги', 'ҳозирча', 'етиб', 'бориб', 'бўлмайдиган', 'нишонларига', 'аниқ', 'зарба', 'бериш', 'имконини', 'тақдим', 'этади']","['150', 'Boeing', 'Bomb', 'Diameter', 'GLSDB', 'Ground-Launched', 'Reuters', 'Small', 'АҚШ', 'Бу', 'Мудофаа', 'Пентагон', 'Россиянинг', 'Украинага', 'аниқ', 'аниқликдаги', 'бериш', 'беришни', 'бориб', 'бўлмайдиган', 'вазирлигига', 'етиб', 'етказиб', 'зарба', 'имконини', 'имкониятини', 'км', 'корпорацияси', 'кўра', 'кўриб', 'масофага', 'масофагача', 'нашри', 'нишонларига', 'олувчи', 'ортидаги', 'ракеталар', 'ракеталарини', 'таклиф', 'тақдим', 'узоқ', 'украиналикларга', 'уча', 'учувчи', 'фронт', 'хабарига', 'чиқмоқда', 'этади', 'юқори', 'қилган', 'қурол', 'ҳозирча']","{'Пентагон': 1, 'Украинага': 2, 'узоқ': 1, 'масофага': 1, 'учувчи': 1, 'юқори': 1, 'аниқликдаги': 1, 'ракеталар': 1, 'етказиб': 1, 'бериш': 2, 'имкониятини': 1, 'кўриб': 1, 'чиқмоқда': 1, 'Reuters': 1, 'нашри': 1, 'хабарига': 1, 'кўра': 1, 'Boeing': 1, 'корпорацияси': 1, 'АҚШ': 1, 'Мудофаа': 1, 'вазирлигига': 1, 'украиналикларга': 1, '150': 1, 'км': 1, 'масофагача': 1, 'уча': 1, 'олувчи': 1, 'Ground-Launched': 1, 'Small': 1, 'Diameter': 1, 'Bomb': 1, 'GLSDB': 1, 'ракеталарини': 1, 'беришни': 1, 'таклиф': 1, 'қилган': 1, 'Бу': 1, 'қурол': 1, 'Россиянинг': 1, 'фронт': 1, 'ортидаги': 1, 'ҳозирча': 1, 'етиб': 1, 'бориб': 1, 'бўлмайдиган': 1, 'нишонларига': 1, 'аниқ': 1, 'зарба': 1, 'имконини': 1, 'тақдим': 1, 'этади': 1}"
https://kun.uz/news/2022/12/01/ispaniya-bosh-vaziriga-bomba-solingan-maktub-yuborildi,2022-12-02 11:11:38.203971,"Испанияда сўнгги вақт ичида юборилган ва ичида портловчи моддалар бўлган бешта хат ҳақида маълум бўлди. Конвертлар мамлакат бош вазирига, Мудофаа вазирлигига, ҳарбий базага, Украина элчихонасига ва Украина учун қурол ишлаб чиқарувчи компанияга келган.","['Испанияда', 'сўнгги', 'вақт', 'ичида', 'юборилган', 'ва', 'ичида', 'портловчи', 'моддалар', 'бўлган', 'бешта', 'хат', 'ҳақида', 'маълум', 'бўлди', 'Конвертлар', 'мамлакат', 'бош', 'вазирига', 'Мудофаа', 'вазирлигига', 'ҳарбий', 'базага', 'Украина', 'элчихонасига', 'ва', 'Украина', 'учун', 'қурол', 'ишлаб', 'чиқарувчи', 'компанияга', 'келган']","['Испанияда', 'Конвертлар', 'Мудофаа', 'Украина', 'базага', 'бешта', 'бош', 'бўлган', 'бўлди', 'ва', 'вазирига', 'вазирлигига', 'вақт', 'ичида', 'ишлаб', 'келган', 'компанияга', 'мамлакат', 'маълум', 'моддалар', 'портловчи', 'сўнгги', 'учун', 'хат', 'чиқарувчи', 'элчихонасига', 'юборилган', 'қурол', 'ҳарбий', 'ҳақида']","{'Испанияда': 1, 'сўнгги': 1, 'вақт': 1, 'ичида': 2, 'юборилган': 1, 'ва': 2, 'портловчи': 1, 'моддалар': 1, 'бўлган': 1, 'бешта': 1, 'хат': 1, 'ҳақида': 1, 'маълум': 1, 'бўлди': 1, 'Конвертлар': 1, 'мамлакат': 1, 'бош': 1, 'вазирига': 1, 'Мудофаа': 1, 'вазирлигига': 1, 'ҳарбий': 1, 'базага': 1, 'Украина': 2, 'элчихонасига': 1, 'учун': 1, 'қурол': 1, 'ишлаб': 1, 'чиқарувчи': 1, 'компанияга': 1, 'келган': 1}"
https://kun.uz/news/2022/12/01/lavrov-rossiya-va-garb-ortasidagi-munosabatlar-tiklanishini-rad-etdi,2022-12-02 11:11:38.307049,"Россия ташқи ишлар вазири Сергей Лавров «яқин келажакда» Европа хавфсизлиги соҳасида Ғарб билан қўшма ишни тиклаш имкониятини истисно этди. Бу ҳақда Россия ТИВ раҳбари 1 декабрь, пайшанба куни Европада хавфсизлик ва ҳамкорлик ташкилоти (ЕХҲТ)га аъзо давлатлар Ташқи ишлар вазирлари кенгашининг (ТИВК) Полшада иш бошлаши фонида маълум қилди. Тадбирда қатнашиш учун Лавровга виза берилмади.","['Россия', 'ташқи', 'ишлар', 'вазири', 'Сергей', 'Лавров', '«яқин', 'келажакда»', 'Европа', 'хавфсизлиги', 'соҳасида', 'Ғарб', 'билан', 'қўшма', 'ишни', 'тиклаш', 'имкониятини', 'истисно', 'этди', 'Бу', 'ҳақда', 'Россия', 'ТИВ', 'раҳбари', '1', 'декабрь', 'пайшанба', 'куни', 'Европада', 'хавфсизлик', 'ва', 'ҳамкорлик', 'ташкилоти', 'ЕХҲТ)га', 'аъзо', 'давлатлар', 'Ташқи', 'ишлар', 'вазирлари', 'кенгашининг', 'ТИВК', 'Полшада', 'иш', 'бошлаши', 'фонида', 'маълум', 'қилди', 'Тадбирда', 'қатнашиш', 'учун', 'Лавровга', 'виза', 'берилмади']","['1', '«яқин', 'Бу', 'ЕХҲТ)га', 'Европа', 'Европада', 'Лавров', 'Лавровга', 'Полшада', 'Россия', 'Сергей', 'ТИВ', 'ТИВК', 'Тадбирда', 'Ташқи', 'аъзо', 'берилмади', 'билан', 'бошлаши', 'ва', 'вазири', 'вазирлари', 'виза', 'давлатлар', 'декабрь', 'имкониятини', 'истисно', 'иш', 'ишлар', 'ишни', 'келажакда»', 'кенгашининг', 'куни', 'маълум', 'пайшанба', 'раҳбари', 'соҳасида', 'ташкилоти', 'ташқи', 'тиклаш', 'учун', 'фонида', 'хавфсизлиги', 'хавфсизлик', 'этди', 'Ғарб', 'қатнашиш', 'қилди', 'қўшма', 'ҳамкорлик', 'ҳақда']","{'Россия': 2, 'ташқи': 1, 'ишлар': 2, 'вазири': 1, 'Сергей': 1, 'Лавров': 1, '«яқин': 1, 'келажакда»': 1, 'Европа': 1, 'хавфсизлиги': 1, 'соҳасида': 1, 'Ғарб': 1, 'билан': 1, 'қўшма': 1, 'ишни': 1, 'тиклаш': 1, 'имкониятини': 1, 'истисно': 1, 'этди': 1, 'Бу': 1, 'ҳақда': 1, 'ТИВ': 1, 'раҳбари': 1, '1': 1, 'декабрь': 1, 'пайшанба': 1, 'куни': 1, 'Европада': 1, 'хавфсизлик': 1, 'ва': 1, 'ҳамкорлик': 1, 'ташкилоти': 1, 'ЕХҲТ)га': 1, 'аъзо': 1, 'давлатлар': 1, 'Ташқи': 1, 'вазирлари': 1, 'кенгашининг': 1, 'ТИВК': 1, 'Полшада': 1, 'иш': 1, 'бошлаши': 1, 'фонида': 1, 'маълум': 1, 'қилди': 1, 'Тадбирда': 1, 'қатнашиш': 1, 'учун': 1, 'Лавровга': 1, 'виза': 1, 'берилмади': 1}"
https://kun.uz/news/2022/12/01/bmt-gumanitar-yordam-uchun-515-milliard-dollar-soramoqda,2022-12-02 11:11:38.451881,"БМТнинг 1 декабрь, пайшанба куни эълон қилинган йиллик Глобал гуманитар шарҳига кўра, 2023 йилда дунёдаги энг заиф 230 миллион кишига гуманитар ёрдам кўрсатиш учун рекорд даражадаги 51,5 миллиард доллар керак бўлади, бу жорий йил бошига нисбатан 25 фоизга кўп.","['БМТнинг', '1', 'декабрь', 'пайшанба', 'куни', 'эълон', 'қилинган', 'йиллик', 'Глобал', 'гуманитар', 'шарҳига', 'кўра', '2023', 'йилда', 'дунёдаги', 'энг', 'заиф', '230', 'миллион', 'кишига', 'гуманитар', 'ёрдам', 'кўрсатиш', 'учун', 'рекорд', 'даражадаги', '51,5', 'миллиард', 'доллар', 'керак', 'бўлади', 'бу', 'жорий', 'йил', 'бошига', 'нисбатан', '25', 'фоизга', 'кўп']","['1', '2023', '230', '25', '51,5', 'БМТнинг', 'Глобал', 'бошига', 'бу', 'бўлади', 'гуманитар', 'даражадаги', 'декабрь', 'доллар', 'дунёдаги', 'жорий', 'заиф', 'йил', 'йилда', 'йиллик', 'керак', 'кишига', 'куни', 'кўп', 'кўра', 'кўрсатиш', 'миллиард', 'миллион', 'нисбатан', 'пайшанба', 'рекорд', 'учун', 'фоизга', 'шарҳига', 'энг', 'эълон', 'ёрдам', 'қилинган']","{'БМТнинг': 1, '1': 1, 'декабрь': 1, 'пайшанба': 1, 'куни': 1, 'эълон': 1, 'қилинган': 1, 'йиллик': 1, 'Глобал': 1, 'гуманитар': 2, 'шарҳига': 1, 'кўра': 1, '2023': 1, 'йилда': 1, 'дунёдаги': 1, 'энг': 1, 'заиф': 1, '230': 1, 'миллион': 1, 'кишига': 1, 'ёрдам': 1, 'кўрсатиш': 1, 'учун': 1, 'рекорд': 1, 'даражадаги': 1, '51,5': 1, 'миллиард': 1, 'доллар': 1, 'керак': 1, 'бўлади': 1, 'бу': 1, 'жорий': 1, 'йил': 1, 'бошига': 1, 'нисбатан': 1, '25': 1, 'фоизга': 1, 'кўп': 1}"
https://kun.uz/news/2022/12/01/nato-bosh-kotibi-rossiyaning-ukrainaga-qarshi-urushi-kuchayishini-toxtatdik,2022-12-02 11:11:38.566065,Йенс Столтенберг альянснинг Россия Украинага бостириб кирганидан кейинги дастлабки соатларда кўрган чора-тадбирлари ҳақида гапирди ва зарур бўлганда Украина Қуролли кучларига ҳарбий ёрдам кўрсатишга ваъда берди.,"['Йенс', 'Столтенберг', 'альянснинг', 'Россия', 'Украинага', 'бостириб', 'кирганидан', 'кейинги', 'дастлабки', 'соатларда', 'кўрган', 'чора-тадбирлари', 'ҳақида', 'гапирди', 'ва', 'зарур', 'бўлганда', 'Украина', 'Қуролли', 'кучларига', 'ҳарбий', 'ёрдам', 'кўрсатишга', 'ваъда', 'берди']","['Йенс', 'Россия', 'Столтенберг', 'Украина', 'Украинага', 'альянснинг', 'берди', 'бостириб', 'бўлганда', 'ва', 'ваъда', 'гапирди', 'дастлабки', 'зарур', 'кейинги', 'кирганидан', 'кучларига', 'кўрган', 'кўрсатишга', 'соатларда', 'чора-тадбирлари', 'ёрдам', 'Қуролли', 'ҳарбий', 'ҳақида']","{'Йенс': 1, 'Столтенберг': 1, 'альянснинг': 1, 'Россия': 1, 'Украинага': 1, 'бостириб': 1, 'кирганидан': 1, 'кейинги': 1, 'дастлабки': 1, 'соатларда': 1, 'кўрган': 1, 'чора-тадбирлари': 1, 'ҳақида': 1, 'гапирди': 1, 'ва': 1, 'зарур': 1, 'бўлганда': 1, 'Украина': 1, 'Қуролли': 1, 'кучларига': 1, 'ҳарбий': 1, 'ёрдам': 1, 'кўрсатишга': 1, 'ваъда': 1, 'берди': 1}"
https://kun.uz/news/2022/12/01/britaniya-ukrainaga-raketa-zarbalari-rossiyaning-yangi-harbiy-doktrinasiga-misol,2022-12-02 11:11:38.694050,"Россиянинг Украина энергетика тизимига октябрь ойидан бери амалга ошираётган ракета зарбаларини, эҳтимол, Россия янги ҳарбий доктринаси асосий қоидаси бўлган муҳим объектларни йўқ қилиш бўйича стратегик операция концепциясини амалга оширишнинг биринчи намунаси деб ҳисоблаш мумкин. Бу ҳақда Британия Мудофаа вазирлигининг Twitter’да кундалик шарҳида маълум қилинди. ","['Россиянинг', 'Украина', 'энергетика', 'тизимига', 'октябрь', 'ойидан', 'бери', 'амалга', 'ошираётган', 'ракета', 'зарбаларини', 'эҳтимол', 'Россия', 'янги', 'ҳарбий', 'доктринаси', 'асосий', 'қоидаси', 'бўлган', 'муҳим', 'объектларни', 'йўқ', 'қилиш', 'бўйича', 'стратегик', 'операция', 'концепциясини', 'амалга', 'оширишнинг', 'биринчи', 'намунаси', 'деб', 'ҳисоблаш', 'мумкин', 'Бу', 'ҳақда', 'Британия', 'Мудофаа', 'вазирлигининг', 'Twitter’да', 'кундалик', 'шарҳида', 'маълум', 'қилинди']","['Twitter’да', 'Британия', 'Бу', 'Мудофаа', 'Россия', 'Россиянинг', 'Украина', 'амалга', 'асосий', 'бери', 'биринчи', 'бўйича', 'бўлган', 'вазирлигининг', 'деб', 'доктринаси', 'зарбаларини', 'йўқ', 'концепциясини', 'кундалик', 'маълум', 'мумкин', 'муҳим', 'намунаси', 'объектларни', 'ойидан', 'октябрь', 'операция', 'ошираётган', 'оширишнинг', 'ракета', 'стратегик', 'тизимига', 'шарҳида', 'энергетика', 'эҳтимол', 'янги', 'қилинди', 'қилиш', 'қоидаси', 'ҳарбий', 'ҳақда', 'ҳисоблаш']","{'Россиянинг': 1, 'Украина': 1, 'энергетика': 1, 'тизимига': 1, 'октябрь': 1, 'ойидан': 1, 'бери': 1, 'амалга': 2, 'ошираётган': 1, 'ракета': 1, 'зарбаларини': 1, 'эҳтимол': 1, 'Россия': 1, 'янги': 1, 'ҳарбий': 1, 'доктринаси': 1, 'асосий': 1, 'қоидаси': 1, 'бўлган': 1, 'муҳим': 1, 'объектларни': 1, 'йўқ': 1, 'қилиш': 1, 'бўйича': 1, 'стратегик': 1, 'операция': 1, 'концепциясини': 1, 'оширишнинг': 1, 'биринчи': 1, 'намунаси': 1, 'деб': 1, 'ҳисоблаш': 1, 'мумкин': 1, 'Бу': 1, 'ҳақда': 1, 'Британия': 1, 'Мудофаа': 1, 'вазирлигининг': 1, 'Twitter’да': 1, 'кундалик': 1, 'шарҳида': 1, 'маълум': 1, 'қилинди': 1}"
https://kun.uz/news/2022/12/01/ovga-chiqqan-ukrain-jangchilari-kiyevda-sham-yorugidagi-konsert-urush-suratlari,2022-12-02 11:11:38.803815,"Россия ҳарбийлари Херсонни ўққа тутишда давом этмоқда. 30 ноябр тонгида 70 ёшли аёл ўз квартирасида ҳалок бўлган, яна бир киши яраланган. Херсон бадиий санъат музейи биноси шикастланган. РФ мудофаа вазирлиги Донецк йўналишидаги юриш чоғида Белогоровка ва Озаряновка қишлоқлари эгаллангани ҳақида маълумот берди. Украина томони бу маълумотни изоҳламади. Еврокомиссия раҳбари Урсула фон дер Ляйен твиттерида уруш бошидан буён 100 мингдан ошиқ украин ҳарбийси ҳалок бўлгани келтирилган видеони намойиш этди. Кейинроқ унинг ўрнига янгисини жойлади – унда бу рақамлар йўқ – ва гап Украина қўшинининг жами йўқотишлари, яъни қурбонлар ва жароҳатланганлар ҳақида кетаётганини, рақамлар эса учинчи томон манбаларидан олинганини айтди. Украина мамлакат армияси йўқотишлари тўғрисидаги маълумот хизмат сирига оид маълумот эканини маълум қилди ва фон дер Ляйен бу рақамларни қаердан олгани текширилишини билдирди. Володимир Зеленский Украинани тиклаш учун триллион доллардан ортиқ маблағ сарфлашга тўғри келишини маълум қилди. ","['Россия', 'ҳарбийлари', 'Херсонни', 'ўққа', 'тутишда', 'давом', 'этмоқда', '30', 'ноябр', 'тонгида', '70', 'ёшли', 'аёл', 'ўз', 'квартирасида', 'ҳалок', 'бўлган', 'яна', 'бир', 'киши', 'яраланган', 'Херсон', 'бадиий', 'санъат', 'музейи', 'биноси', 'шикастланган', 'РФ', 'мудофаа', 'вазирлиги', 'Донецк', 'йўналишидаги', 'юриш', 'чоғида', 'Белогоровка', 'ва', 'Озаряновка', 'қишлоқлари', 'эгаллангани', 'ҳақида', 'маълумот', 'берди', 'Украина', 'томони', 'бу', 'маълумотни', 'изоҳламади', 'Еврокомиссия', 'раҳбари', 'Урсула', 'фон', 'дер', 'Ляйен', 'твиттерида', 'уруш', 'бошидан', 'буён', '100', 'мингдан', 'ошиқ', 'украин', 'ҳарбийси', 'ҳалок', 'бўлгани', 'келтирилган', 'видеони', 'намойиш', 'этди', 'Кейинроқ', 'унинг', 'ўрнига', 'янгисини', 'жойлади', '–', 'унда', 'бу', 'рақамлар', 'йўқ', '–', 'ва', 'гап', 'Украина', 'қўшинининг', 'жами', 'йўқотишлари', 'яъни', 'қурбонлар', 'ва', 'жароҳатланганлар', 'ҳақида', 'кетаётганини', 'рақамлар', 'эса', 'учинчи', 'томон', 'манбаларидан', 'олинганини', 'айтди', 'Украина', 'мамлакат', 'армияси', 'йўқотишлари', 'тўғрисидаги', 'маълумот', 'хизмат', 'сирига', 'оид', 'маълумот', 'эканини', 'маълум', 'қилди', 'ва', 'фон', 'дер', 'Ляйен', 'бу', 'рақамларни', 'қаердан', 'олгани', 'текширилишини', 'билдирди', 'Володимир', 'Зеленский', 'Украинани', 'тиклаш', 'учун', 'триллион', 'доллардан', 'ортиқ', 'маблағ', 'сарфлашга', 'тўғри', 'келишини', 'маълум', 'қилди']","['100', '30', '70', 'Белогоровка', 'Володимир', 'Донецк', 'Еврокомиссия', 'Зеленский', 'Кейинроқ', 'Ляйен', 'Озаряновка', 'РФ', 'Россия', 'Украина', 'Украинани', 'Урсула', 'Херсон', 'Херсонни', 'айтди', 'армияси', 'аёл', 'бадиий', 'берди', 'билдирди', 'биноси', 'бир', 'бошидан', 'бу', 'буён', 'бўлган', 'бўлгани', 'ва', 'вазирлиги', 'видеони', 'гап', 'давом', 'дер', 'доллардан', 'жами', 'жароҳатланганлар', 'жойлади', 'изоҳламади', 'йўналишидаги', 'йўқ', 'йўқотишлари', 'квартирасида', 'келишини', 'келтирилган', 'кетаётганини', 'киши', 'маблағ', 'мамлакат', 'манбаларидан', 'маълум', 'маълумот', 'маълумотни', 'мингдан', 'мудофаа', 'музейи', 'намойиш', 'ноябр', 'оид', 'олгани', 'олинганини', 'ортиқ', 'ошиқ', 'рақамлар', 'рақамларни', 'раҳбари', 'санъат', 'сарфлашга', 'сирига', 'твиттерида', 'текширилишини', 'тиклаш', 'томон', 'томони', 'тонгида', 'триллион', 'тутишда', 'тўғри', 'тўғрисидаги', 'украин', 'унда', 'унинг', 'уруш', 'учинчи', 'учун', 'фон', 'хизмат', 'чоғида', 'шикастланган', 'эгаллангани', 'эканини', 'эса', 'этди', 'этмоқда', 'юриш', 'яна', 'янгисини', 'яраланган', 'яъни', 'ёшли', 'ўз', 'ўрнига', 'ўққа', 'қаердан', 'қилди', 'қишлоқлари', 'қурбонлар', 'қўшинининг', 'ҳалок', 'ҳарбийлари', 'ҳарбийси', 'ҳақида', '–']","{'Россия': 1, 'ҳарбийлари': 1, 'Херсонни': 1, 'ўққа': 1, 'тутишда': 1, 'давом': 1, 'этмоқда': 1, '30': 1, 'ноябр': 1, 'тонгида': 1, '70': 1, 'ёшли': 1, 'аёл': 1, 'ўз': 1, 'квартирасида': 1, 'ҳалок': 2, 'бўлган': 1, 'яна': 1, 'бир': 1, 'киши': 1, 'яраланган': 1, 'Херсон': 1, 'бадиий': 1, 'санъат': 1, 'музейи': 1, 'биноси': 1, 'шикастланган': 1, 'РФ': 1, 'мудофаа': 1, 'вазирлиги': 1, 'Донецк': 1, 'йўналишидаги': 1, 'юриш': 1, 'чоғида': 1, 'Белогоровка': 1, 'ва': 4, 'Озаряновка': 1, 'қишлоқлари': 1, 'эгаллангани': 1, 'ҳақида': 2, 'маълумот': 3, 'берди': 1, 'Украина': 3, 'томони': 1, 'бу': 3, 'маълумотни': 1, 'изоҳламади': 1, 'Еврокомиссия': 1, 'раҳбари': 1, 'Урсула': 1, 'фон': 2, 'дер': 2, 'Ляйен': 2, 'твиттерида': 1, 'уруш': 1, 'бошидан': 1, 'буён': 1, '100': 1, 'мингдан': 1, 'ошиқ': 1, 'украин': 1, 'ҳарбийси': 1, 'бўлгани': 1, 'келтирилган': 1, 'видеони': 1, 'намойиш': 1, 'этди': 1, 'Кейинроқ': 1, 'унинг': 1, 'ўрнига': 1, 'янгисини': 1, 'жойлади': 1, '–': 2, 'унда': 1, 'рақамлар': 2, 'йўқ': 1, 'гап': 1, 'қўшинининг': 1, 'жами': 1, 'йўқотишлари': 2, 'яъни': 1, 'қурбонлар': 1, 'жароҳатланганлар': 1, 'кетаётганини': 1, 'эса': 1, 'учинчи': 1, 'томон': 1, 'манбаларидан': 1, 'олинганини': 1, 'айтди': 1, 'мамлакат': 1, 'армияси': 1, 'тўғрисидаги': 1, 'хизмат': 1, 'сирига': 1, 'оид': 1, 'эканини': 1, 'маълум': 2, 'қилди': 2, 'рақамларни': 1, 'қаердан': 1, 'олгани': 1, 'текширилишини': 1, 'билдирди': 1, 'Володимир': 1, 'Зеленский': 1, 'Украинани': 1, 'тиклаш': 1, 'учун': 1, 'триллион': 1, 'доллардан': 1, 'ортиқ': 1, 'маблағ': 1, 'сарфлашга': 1, 'тўғри': 1, 'келишини': 1}"
https://kun.uz/news/2022/12/01/ukrainada-40-mingta-urush-jinoyati-qayd-etildi,2022-12-02 11:11:38.956791,"Украина адлия вазири Денис Малюска Германиянинг Die Welt газетасига берган интервьюсида айтишича, вазифа иккита аниқ жиноят бўйича жиноий жавобгарликка тортишдан иборат: «халқаро ҳуқуққа зид бўлган босқинчилик ҳаракати ва геноцид акти». ","['Украина', 'адлия', 'вазири', 'Денис', 'Малюска', 'Германиянинг', 'Die', 'Welt', 'газетасига', 'берган', 'интервьюсида', 'айтишича', 'вазифа', 'иккита', 'аниқ', 'жиноят', 'бўйича', 'жиноий', 'жавобгарликка', 'тортишдан', 'иборат:', '«халқаро', 'ҳуқуққа', 'зид', 'бўлган', 'босқинчилик', 'ҳаракати', 'ва', 'геноцид', 'акти»']","['Die', 'Welt', '«халқаро', 'Германиянинг', 'Денис', 'Малюска', 'Украина', 'адлия', 'айтишича', 'акти»', 'аниқ', 'берган', 'босқинчилик', 'бўйича', 'бўлган', 'ва', 'вазири', 'вазифа', 'газетасига', 'геноцид', 'жавобгарликка', 'жиноий', 'жиноят', 'зид', 'иборат:', 'иккита', 'интервьюсида', 'тортишдан', 'ҳаракати', 'ҳуқуққа']","{'Украина': 1, 'адлия': 1, 'вазири': 1, 'Денис': 1, 'Малюска': 1, 'Германиянинг': 1, 'Die': 1, 'Welt': 1, 'газетасига': 1, 'берган': 1, 'интервьюсида': 1, 'айтишича': 1, 'вазифа': 1, 'иккита': 1, 'аниқ': 1, 'жиноят': 1, 'бўйича': 1, 'жиноий': 1, 'жавобгарликка': 1, 'тортишдан': 1, 'иборат:': 1, '«халқаро': 1, 'ҳуқуққа': 1, 'зид': 1, 'бўлган': 1, 'босқинчилик': 1, 'ҳаракати': 1, 'ва': 1, 'геноцид': 1, 'акти»': 1}"
https://kun.uz/news/2022/12/01/xvj-ukrainadagi-urush-tufayli-markaziy-osiyoda-kambagallar-soni-1-millionga-kopayishini-taxmin-qildi,2022-12-02 11:11:39.062861,Бу ҳақда Халқаро валюта жамғармасининг (ХВЖ) таҳлилий ҳисоботида айтилади. ,"['Бу', 'ҳақда', 'Халқаро', 'валюта', 'жамғармасининг', 'ХВЖ', 'таҳлилий', 'ҳисоботида', 'айтилади']","['Бу', 'ХВЖ', 'Халқаро', 'айтилади', 'валюта', 'жамғармасининг', 'таҳлилий', 'ҳақда', 'ҳисоботида']","{'Бу': 1, 'ҳақда': 1, 'Халқаро': 1, 'валюта': 1, 'жамғармасининг': 1, 'ХВЖ': 1, 'таҳлилий': 1, 'ҳисоботида': 1, 'айтилади': 1}"
https://kun.uz/news/2022/12/01/ukrainada-taxminan-6-million-kishi-svetsiz-qoldi,2022-12-02 11:11:39.197048,"Унинг тақдим этган маълумотларида ёзилишича, Украина ҳудудида электр таъминоти билан боғлиқ энг қийин вазият еттита минтақада кузатиляпти. ","['Унинг', 'тақдим', 'этган', 'маълумотларида', 'ёзилишича', 'Украина', 'ҳудудида', 'электр', 'таъминоти', 'билан', 'боғлиқ', 'энг', 'қийин', 'вазият', 'еттита', 'минтақада', 'кузатиляпти']","['Украина', 'Унинг', 'билан', 'боғлиқ', 'вазият', 'еттита', 'кузатиляпти', 'маълумотларида', 'минтақада', 'таъминоти', 'тақдим', 'электр', 'энг', 'этган', 'ёзилишича', 'қийин', 'ҳудудида']","{'Унинг': 1, 'тақдим': 1, 'этган': 1, 'маълумотларида': 1, 'ёзилишича': 1, 'Украина': 1, 'ҳудудида': 1, 'электр': 1, 'таъминоти': 1, 'билан': 1, 'боғлиқ': 1, 'энг': 1, 'қийин': 1, 'вазият': 1, 'еттита': 1, 'минтақада': 1, 'кузатиляпти': 1}"
https://kun.uz/news/2022/12/01/yevropa-ittifoqi-maskdan-twitterda-yolgon-malumotlarga-qarshi-kurashishni-talab-qildi,2022-12-02 11:11:39.285031,"30 ноябрь куни Европанинг ички бозор бўйича комиссари Тьерри Бретон видео-алоқа орқали Илон Маскка қўнғироқ қилди ва унга яқинда сотиб олинган Twitter микроблоглар платформаси учун талаблар рўйхатини эълон қилди. Гап, хусусан, аввалроқ тақиқланган фойдаланувчиларни «ўзбошимчалик билан» блокдан чиқаришни рад этиш, нотўғри маълумотларга қарши «тажовузкор» кураш ва келаси йилга қадар платформанинг «кенг мустақил аудити»га розилик бериш ҳақида бормоқда, деб ёзади Financial Times. ","['30', 'ноябрь', 'куни', 'Европанинг', 'ички', 'бозор', 'бўйича', 'комиссари', 'Тьерри', 'Бретон', 'видео-алоқа', 'орқали', 'Илон', 'Маскка', 'қўнғироқ', 'қилди', 'ва', 'унга', 'яқинда', 'сотиб', 'олинган', 'Twitter', 'микроблоглар', 'платформаси', 'учун', 'талаблар', 'рўйхатини', 'эълон', 'қилди', 'Гап', 'хусусан', 'аввалроқ', 'тақиқланган', 'фойдаланувчиларни', '«ўзбошимчалик', 'билан»', 'блокдан', 'чиқаришни', 'рад', 'этиш', 'нотўғри', 'маълумотларга', 'қарши', '«тажовузкор»', 'кураш', 'ва', 'келаси', 'йилга', 'қадар', 'платформанинг', '«кенг', 'мустақил', 'аудити»га', 'розилик', 'бериш', 'ҳақида', 'бормоқда', 'деб', 'ёзади', 'Financial', 'Times']","['30', 'Financial', 'Times', 'Twitter', '«кенг', '«тажовузкор»', '«ўзбошимчалик', 'Бретон', 'Гап', 'Европанинг', 'Илон', 'Маскка', 'Тьерри', 'аввалроқ', 'аудити»га', 'бериш', 'билан»', 'блокдан', 'бозор', 'бормоқда', 'бўйича', 'ва', 'видео-алоқа', 'деб', 'ички', 'йилга', 'келаси', 'комиссари', 'куни', 'кураш', 'маълумотларга', 'микроблоглар', 'мустақил', 'нотўғри', 'ноябрь', 'олинган', 'орқали', 'платформанинг', 'платформаси', 'рад', 'розилик', 'рўйхатини', 'сотиб', 'талаблар', 'тақиқланган', 'унга', 'учун', 'фойдаланувчиларни', 'хусусан', 'чиқаришни', 'этиш', 'эълон', 'яқинда', 'ёзади', 'қадар', 'қарши', 'қилди', 'қўнғироқ', 'ҳақида']","{'30': 1, 'ноябрь': 1, 'куни': 1, 'Европанинг': 1, 'ички': 1, 'бозор': 1, 'бўйича': 1, 'комиссари': 1, 'Тьерри': 1, 'Бретон': 1, 'видео-алоқа': 1, 'орқали': 1, 'Илон': 1, 'Маскка': 1, 'қўнғироқ': 1, 'қилди': 2, 'ва': 2, 'унга': 1, 'яқинда': 1, 'сотиб': 1, 'олинган': 1, 'Twitter': 1, 'микроблоглар': 1, 'платформаси': 1, 'учун': 1, 'талаблар': 1, 'рўйхатини': 1, 'эълон': 1, 'Гап': 1, 'хусусан': 1, 'аввалроқ': 1, 'тақиқланган': 1, 'фойдаланувчиларни': 1, '«ўзбошимчалик': 1, 'билан»': 1, 'блокдан': 1, 'чиқаришни': 1, 'рад': 1, 'этиш': 1, 'нотўғри': 1, 'маълумотларга': 1, 'қарши': 1, '«тажовузкор»': 1, 'кураш': 1, 'келаси': 1, 'йилга': 1, 'қадар': 1, 'платформанинг': 1, '«кенг': 1, 'мустақил': 1, 'аудити»га': 1, 'розилик': 1, 'бериш': 1, 'ҳақида': 1, 'бормоқда': 1, 'деб': 1, 'ёзади': 1, 'Financial': 1, 'Times': 1}"
https://kun.uz/news/2022/12/01/germaniya-va-norvegiya-nato-suvosti-quvurlarini-himoya-qilishi-kerak,2022-12-02 11:11:39.371052,Германия канцлери ва Норвегия бош вазири НАТОни махсус мувофиқлаштирувчи тузилма яратиш орқали сувости қувурлари ва алоқа кабелларини ҳимоя қилишга чақирди. Олаф Шольц ва Йонас Гар Стёре Берлин хавфсизлик конференцияси арафасида Германия пойтахтида бўлиб ўтган икки томонлама учрашув якунлари бўйича шундай баёнот беришди. ,"['Германия', 'канцлери', 'ва', 'Норвегия', 'бош', 'вазири', 'НАТОни', 'махсус', 'мувофиқлаштирувчи', 'тузилма', 'яратиш', 'орқали', 'сувости', 'қувурлари', 'ва', 'алоқа', 'кабелларини', 'ҳимоя', 'қилишга', 'чақирди', 'Олаф', 'Шольц', 'ва', 'Йонас', 'Гар', 'Стёре', 'Берлин', 'хавфсизлик', 'конференцияси', 'арафасида', 'Германия', 'пойтахтида', 'бўлиб', 'ўтган', 'икки', 'томонлама', 'учрашув', 'якунлари', 'бўйича', 'шундай', 'баёнот', 'беришди']","['Берлин', 'Гар', 'Германия', 'Йонас', 'НАТОни', 'Норвегия', 'Олаф', 'Стёре', 'Шольц', 'алоқа', 'арафасида', 'баёнот', 'беришди', 'бош', 'бўйича', 'бўлиб', 'ва', 'вазири', 'икки', 'кабелларини', 'канцлери', 'конференцияси', 'махсус', 'мувофиқлаштирувчи', 'орқали', 'пойтахтида', 'сувости', 'томонлама', 'тузилма', 'учрашув', 'хавфсизлик', 'чақирди', 'шундай', 'якунлари', 'яратиш', 'ўтган', 'қилишга', 'қувурлари', 'ҳимоя']","{'Германия': 2, 'канцлери': 1, 'ва': 3, 'Норвегия': 1, 'бош': 1, 'вазири': 1, 'НАТОни': 1, 'махсус': 1, 'мувофиқлаштирувчи': 1, 'тузилма': 1, 'яратиш': 1, 'орқали': 1, 'сувости': 1, 'қувурлари': 1, 'алоқа': 1, 'кабелларини': 1, 'ҳимоя': 1, 'қилишга': 1, 'чақирди': 1, 'Олаф': 1, 'Шольц': 1, 'Йонас': 1, 'Гар': 1, 'Стёре': 1, 'Берлин': 1, 'хавфсизлик': 1, 'конференцияси': 1, 'арафасида': 1, 'пойтахтида': 1, 'бўлиб': 1, 'ўтган': 1, 'икки': 1, 'томонлама': 1, 'учрашув': 1, 'якунлари': 1, 'бўйича': 1, 'шундай': 1, 'баёнот': 1, 'беришди': 1}"
